{
	"credit": "Created by Stridey",
	"ambientocclusion": false,
	"textures": {
		"particle": "block/vine",
		"vine": "block/vine"
	},
	"elements": [
		{
			"name": "vine_0",
			"from": [3, 14, 0],
			"to": [6, 16, 1],
			"rotation": {"angle": 0, "axis": "x", "origin": [0, 0, 16]},
			"faces": {
				"north": {"uv": [3, 2, 6, 0], "rotation": 180, "texture": "#vine", "tintindex": 0, "cullface": "north"},
				"east": {"uv": [5, 0, 6, 2], "texture": "#vine", "tintindex": 0},
				"south": {"uv": [3, 0, 6, 2], "texture": "#vine", "tintindex": 0},
				"west": {"uv": [3, 0, 4, 2], "texture": "#vine", "tintindex": 0},
				"up": {"uv": [6, 0, 3, 1], "rotation": 180, "texture": "#vine", "tintindex": 0, "cullface": "up"},
				"down": {"uv": [3, 1, 6, 2], "texture": "#vine", "tintindex": 0}
			}
		},
		{
			"name": "vine_1",
			"from": [6, 15, 0],
			"to": [10, 16, 1],
			"rotation": {"angle": 0, "axis": "x", "origin": [0, 0, 16]},
			"faces": {
				"north": {"uv": [6, 1, 10, 0], "rotation": 180, "texture": "#vine", "tintindex": 0, "cullface": "north"},
				"east": {"uv": [9, 0, 10, 1], "texture": "#vine", "tintindex": 0},
				"south": {"uv": [6, 0, 10, 1], "texture": "#vine", "tintindex": 0},
				"up": {"uv": [10, 0, 6, 1], "rotation": 180, "texture": "#vine", "tintindex": 0, "cullface": "up"},
				"down": {"uv": [6, 0, 10, 1], "texture": "#vine", "tintindex": 0}
			}
		},
		{
			"name": "vine_2",
			"from": [11, 11, 0],
			"to": [14, 16, 1],
			"rotation": {"angle": 0, "axis": "x", "origin": [0, 0, 16]},
			"faces": {
				"north": {"uv": [11, 5, 14, 0], "rotation": 180, "texture": "#vine", "tintindex": 0, "cullface": "north"},
				"east": {"uv": [13, 0, 14, 5], "texture": "#vine", "tintindex": 0},
				"south": {"uv": [11, 0, 14, 5], "texture": "#vine", "tintindex": 0},
				"west": {"uv": [11, 0, 12, 5], "texture": "#vine", "tintindex": 0},
				"up": {"uv": [14, 0, 11, 1], "rotation": 180, "texture": "#vine", "tintindex": 0, "cullface": "up"},
				"down": {"uv": [11, 4, 14, 5], "texture": "#vine", "tintindex": 0}
			}
		},
		{
			"name": "vine_3",
			"from": [14, 14, 0],
			"to": [15, 16, 1],
			"rotation": {"angle": 0, "axis": "x", "origin": [0, 0, 16]},
			"faces": {
				"north": {"uv": [14, 2, 15, 0], "rotation": 180, "texture": "#vine", "tintindex": 0, "cullface": "north"},
				"east": {"uv": [14, 0, 15, 2], "texture": "#vine", "tintindex": 0},
				"south": {"uv": [14, 0, 15, 2], "texture": "#vine", "tintindex": 0},
				"up": {"uv": [15, 0, 14, 1], "rotation": 180, "texture": "#vine", "tintindex": 0, "cullface": "up"},
				"down": {"uv": [14, 1, 15, 2], "texture": "#vine", "tintindex": 0}
			}
		},
		{
			"name": "vine_4",
			"from": [1, 12, 0],
			"to": [3, 15, 1],
			"rotation": {"angle": 0, "axis": "x", "origin": [0, 0, 16]},
			"faces": {
				"north": {"uv": [1, 4, 3, 1], "rotation": 180, "texture": "#vine", "tintindex": 0, "cullface": "north"},
				"south": {"uv": [1, 1, 3, 4], "texture": "#vine", "tintindex": 0},
				"west": {"uv": [1, 1, 2, 4], "texture": "#vine", "tintindex": 0},
				"up": {"uv": [3, 1, 1, 2], "rotation": 180, "texture": "#vine", "tintindex": 0},
				"down": {"uv": [1, 3, 3, 4], "texture": "#vine", "tintindex": 0}
			}
		},
		{
			"name": "vine_5",
			"from": [9, 14, 0],
			"to": [10, 15, 1],
			"rotation": {"angle": 0, "axis": "x", "origin": [0, 0, 16]},
			"faces": {
				"north": {"uv": [9, 2, 10, 1], "rotation": 180, "texture": "#vine", "tintindex": 0, "cullface": "north"},
				"east": {"uv": [9, 1, 10, 2], "texture": "#vine", "tintindex": 0},
				"south": {"uv": [9, 1, 10, 2], "texture": "#vine", "tintindex": 0},
				"west": {"uv": [9, 1, 10, 2], "texture": "#vine", "tintindex": 0},
				"down": {"uv": [9, 1, 10, 2], "texture": "#vine", "tintindex": 0}
			}
		},
		{
			"name": "vine_6",
			"from": [0, 12, 0],
			"to": [1, 14, 1],
			"rotation": {"angle": 0, "axis": "x", "origin": [0, 0, 16]},
			"faces": {
				"north": {"uv": [0, 4, 1, 2], "rotation": 180, "texture": "#vine", "tintindex": 0, "cullface": "north"},
				"south": {"uv": [0, 2, 1, 4], "texture": "#vine", "tintindex": 0},
				"west": {"uv": [0, 2, 1, 4], "texture": "#vine", "tintindex": 0, "cullface": "west"},
				"up": {"uv": [1, 2, 0, 3], "rotation": 180, "texture": "#vine", "tintindex": 0},
				"down": {"uv": [0, 3, 1, 4], "texture": "#vine", "tintindex": 0}
			}
		},
		{
			"name": "vine_7",
			"from": [3, 13, 0],
			"to": [5, 14, 1],
			"rotation": {"angle": 0, "axis": "x", "origin": [0, 0, 16]},
			"faces": {
				"north": {"uv": [3, 3, 5, 2], "rotation": 180, "texture": "#vine", "tintindex": 0, "cullface": "north"},
				"east": {"uv": [4, 2, 5, 3], "texture": "#vine", "tintindex": 0},
				"south": {"uv": [3, 2, 5, 3], "texture": "#vine", "tintindex": 0},
				"down": {"uv": [3, 2, 5, 3], "texture": "#vine", "tintindex": 0}
			}
		},
		{
			"name": "vine_8",
			"from": [10, 11, 0],
			"to": [11, 14, 1],
			"rotation": {"angle": 0, "axis": "x", "origin": [0, 0, 16]},
			"faces": {
				"north": {"uv": [10, 5, 11, 2], "rotation": 180, "texture": "#vine", "tintindex": 0, "cullface": "north"},
				"south": {"uv": [10, 2, 11, 5], "texture": "#vine", "tintindex": 0},
				"west": {"uv": [10, 2, 11, 5], "texture": "#vine", "tintindex": 0},
				"up": {"uv": [11, 2, 10, 3], "rotation": 180, "texture": "#vine", "tintindex": 0},
				"down": {"uv": [10, 4, 11, 5], "texture": "#vine", "tintindex": 0}
			}
		},
		{
			"name": "vine_9",
			"from": [3, 8, 0],
			"to": [4, 13, 1],
			"rotation": {"angle": 0, "axis": "x", "origin": [0, 0, 16]},
			"faces": {
				"north": {"uv": [3, 8, 4, 3], "rotation": 180, "texture": "#vine", "tintindex": 0, "cullface": "north"},
				"east": {"uv": [3, 3, 4, 8], "texture": "#vine", "tintindex": 0},
				"south": {"uv": [3, 3, 4, 8], "texture": "#vine", "tintindex": 0},
				"west": {"uv": [3, 3, 4, 8], "texture": "#vine", "tintindex": 0},
				"down": {"uv": [3, 7, 4, 8], "texture": "#vine", "tintindex": 0}
			}
		},
		{
			"name": "vine_10",
			"from": [9, 10, 0],
			"to": [10, 13, 1],
			"rotation": {"angle": 0, "axis": "x", "origin": [0, 0, 16]},
			"faces": {
				"north": {"uv": [9, 6, 10, 3], "rotation": 180, "texture": "#vine", "tintindex": 0, "cullface": "north"},
				"east": {"uv": [9, 3, 10, 6], "texture": "#vine", "tintindex": 0},
				"south": {"uv": [9, 3, 10, 6], "texture": "#vine", "tintindex": 0},
				"west": {"uv": [9, 3, 10, 6], "texture": "#vine", "tintindex": 0},
				"up": {"uv": [10, 3, 9, 4], "rotation": 180, "texture": "#vine", "tintindex": 0},
				"down": {"uv": [9, 5, 10, 6], "texture": "#vine", "tintindex": 0}
			}
		},
		{
			"name": "vine_11",
			"from": [2, 9, 0],
			"to": [3, 12, 1],
			"rotation": {"angle": 0, "axis": "x", "origin": [0, 0, 16]},
			"faces": {
				"north": {"uv": [2, 7, 3, 4], "rotation": 180, "texture": "#vine", "tintindex": 0, "cullface": "north"},
				"south": {"uv": [2, 4, 3, 7], "texture": "#vine", "tintindex": 0},
				"west": {"uv": [2, 4, 3, 7], "texture": "#vine", "tintindex": 0},
				"down": {"uv": [2, 6, 3, 7], "texture": "#vine", "tintindex": 0}
			}
		},
		{
			"name": "vine_12",
			"from": [1, 9, 0],
			"to": [2, 11, 1],
			"rotation": {"angle": 0, "axis": "x", "origin": [0, 0, 16]},
			"faces": {
				"north": {"uv": [1, 7, 2, 5], "rotation": 180, "texture": "#vine", "tintindex": 0, "cullface": "north"},
				"south": {"uv": [1, 5, 2, 7], "texture": "#vine", "tintindex": 0},
				"west": {"uv": [1, 5, 2, 7], "texture": "#vine", "tintindex": 0},
				"up": {"uv": [2, 5, 1, 6], "rotation": 180, "texture": "#vine", "tintindex": 0},
				"down": {"uv": [1, 6, 2, 7], "texture": "#vine", "tintindex": 0}
			}
		},
		{
			"name": "vine_13",
			"from": [4, 0, 0],
			"to": [5, 11, 1],
			"rotation": {"angle": 0, "axis": "x", "origin": [0, 0, 16]},
			"faces": {
				"north": {"uv": [4, 16, 5, 5], "rotation": 180, "texture": "#vine", "tintindex": 0, "cullface": "north"},
				"east": {"uv": [4, 5, 5, 16], "texture": "#vine", "tintindex": 0},
				"south": {"uv": [4, 5, 5, 16], "texture": "#vine", "tintindex": 0},
				"west": {"uv": [4, 5, 5, 16], "texture": "#vine", "tintindex": 0},
				"up": {"uv": [5, 5, 4, 6], "rotation": 180, "texture": "#vine", "tintindex": 0},
				"down": {"uv": [4, 15, 5, 16], "texture": "#vine", "tintindex": 0, "cullface": "down"}
			}
		},
		{
			"name": "vine_14",
			"from": [7, 9, 0],
			"to": [9, 11, 1],
			"rotation": {"angle": 0, "axis": "x", "origin": [0, 0, 16]},
			"faces": {
				"north": {"uv": [7, 7, 9, 5], "rotation": 180, "texture": "#vine", "tintindex": 0, "cullface": "north"},
				"east": {"uv": [8, 5, 9, 7], "texture": "#vine", "tintindex": 0},
				"south": {"uv": [7, 5, 9, 7], "texture": "#vine", "tintindex": 0},
				"west": {"uv": [7, 5, 8, 7], "texture": "#vine", "tintindex": 0},
				"up": {"uv": [9, 5, 7, 6], "rotation": 180, "texture": "#vine", "tintindex": 0},
				"down": {"uv": [7, 6, 9, 7], "texture": "#vine", "tintindex": 0}
			}
		},
		{
			"name": "vine_15",
			"from": [12, 6, 0],
			"to": [14, 11, 1],
			"rotation": {"angle": 0, "axis": "x", "origin": [0, 0, 16]},
			"faces": {
				"north": {"uv": [12, 10, 14, 5], "rotation": 180, "texture": "#vine", "tintindex": 0, "cullface": "north"},
				"east": {"uv": [13, 5, 14, 10], "texture": "#vine", "tintindex": 0},
				"south": {"uv": [12, 5, 14, 10], "texture": "#vine", "tintindex": 0},
				"west": {"uv": [12, 5, 13, 10], "texture": "#vine", "tintindex": 0},
				"down": {"uv": [12, 9, 14, 10], "texture": "#vine", "tintindex": 0}
			}
		},
		{
			"name": "vine_16",
			"from": [14, 10, 0],
			"to": [16, 11, 1],
			"rotation": {"angle": 0, "axis": "x", "origin": [0, 0, 16]},
			"faces": {
				"north": {"uv": [14, 6, 16, 5], "rotation": 180, "texture": "#vine", "tintindex": 0, "cullface": "north"},
				"east": {"uv": [15, 5, 16, 6], "texture": "#vine", "tintindex": 0, "cullface": "east"},
				"south": {"uv": [14, 5, 16, 6], "texture": "#vine", "tintindex": 0},
				"up": {"uv": [16, 5, 14, 6], "rotation": 180, "texture": "#vine", "tintindex": 0},
				"down": {"uv": [14, 5, 16, 6], "texture": "#vine", "tintindex": 0}
			}
		},
		{
			"name": "vine_17",
			"from": [0, 8, 0],
			"to": [1, 10, 1],
			"rotation": {"angle": 0, "axis": "x", "origin": [0, 0, 16]},
			"faces": {
				"north": {"uv": [0, 8, 1, 6], "rotation": 180, "texture": "#vine", "tintindex": 0, "cullface": "north"},
				"east": {"uv": [0, 6, 1, 8], "texture": "#vine", "tintindex": 0},
				"south": {"uv": [0, 6, 1, 8], "texture": "#vine", "tintindex": 0},
				"west": {"uv": [0, 6, 1, 8], "texture": "#vine", "tintindex": 0, "cullface": "west"},
				"up": {"uv": [1, 6, 0, 7], "rotation": 180, "texture": "#vine", "tintindex": 0},
				"down": {"uv": [0, 7, 1, 8], "texture": "#vine", "tintindex": 0}
			}
		},
		{
			"name": "vine_18",
			"from": [5, 7, 0],
			"to": [7, 10, 1],
			"rotation": {"angle": 0, "axis": "x", "origin": [0, 0, 16]},
			"faces": {
				"north": {"uv": [5, 9, 7, 6], "rotation": 180, "texture": "#vine", "tintindex": 0, "cullface": "north"},
				"east": {"uv": [6, 6, 7, 9], "texture": "#vine", "tintindex": 0},
				"south": {"uv": [5, 6, 7, 9], "texture": "#vine", "tintindex": 0},
				"up": {"uv": [7, 6, 5, 7], "rotation": 180, "texture": "#vine", "tintindex": 0},
				"down": {"uv": [5, 8, 7, 9], "texture": "#vine", "tintindex": 0}
			}
		},
		{
			"name": "vine_19",
			"from": [11, 0, 0],
			"to": [12, 10, 1],
			"rotation": {"angle": 0, "axis": "x", "origin": [0, 0, 16]},
			"faces": {
				"north": {"uv": [11, 16, 12, 6], "rotation": 180, "texture": "#vine", "tintindex": 0, "cullface": "north"},
				"east": {"uv": [11, 6, 12, 16], "texture": "#vine", "tintindex": 0},
				"south": {"uv": [11, 6, 12, 16], "texture": "#vine", "tintindex": 0},
				"west": {"uv": [11, 6, 12, 16], "texture": "#vine", "tintindex": 0},
				"up": {"uv": [12, 6, 11, 7], "rotation": 180, "texture": "#vine", "tintindex": 0},
				"down": {"uv": [11, 15, 12, 16], "texture": "#vine", "tintindex": 0, "cullface": "down"}
			}
		},
		{
			"name": "vine_20",
			"from": [8, 8, 0],
			"to": [9, 9, 1],
			"rotation": {"angle": 0, "axis": "x", "origin": [0, 0, 16]},
			"faces": {
				"north": {"uv": [8, 8, 9, 7], "rotation": 180, "texture": "#vine", "tintindex": 0, "cullface": "north"},
				"east": {"uv": [8, 7, 9, 8], "texture": "#vine", "tintindex": 0},
				"south": {"uv": [8, 7, 9, 8], "texture": "#vine", "tintindex": 0},
				"west": {"uv": [8, 7, 9, 8], "texture": "#vine", "tintindex": 0},
				"down": {"uv": [8, 7, 9, 8], "texture": "#vine", "tintindex": 0}
			}
		},
		{
			"name": "vine_21",
			"from": [10, 8, 0],
			"to": [11, 9, 1],
			"rotation": {"angle": 0, "axis": "x", "origin": [0, 0, 16]},
			"faces": {
				"north": {"uv": [10, 8, 11, 7], "rotation": 180, "texture": "#vine", "tintindex": 0, "cullface": "north"},
				"south": {"uv": [10, 7, 11, 8], "texture": "#vine", "tintindex": 0},
				"west": {"uv": [10, 7, 11, 8], "texture": "#vine", "tintindex": 0},
				"up": {"uv": [11, 7, 10, 8], "rotation": 180, "texture": "#vine", "tintindex": 0},
				"down": {"uv": [10, 7, 11, 8], "texture": "#vine", "tintindex": 0}
			}
		},
		{
			"name": "vine_22",
			"from": [5, 3, 0],
			"to": [6, 7, 1],
			"rotation": {"angle": 0, "axis": "x", "origin": [0, 0, 16]},
			"faces": {
				"north": {"uv": [5, 13, 6, 9], "rotation": 180, "texture": "#vine", "tintindex": 0, "cullface": "north"},
				"east": {"uv": [5, 9, 6, 13], "texture": "#vine", "tintindex": 0},
				"south": {"uv": [5, 9, 6, 13], "texture": "#vine", "tintindex": 0},
				"down": {"uv": [5, 12, 6, 13], "texture": "#vine", "tintindex": 0}
			}
		},
		{
			"name": "vine_23",
			"from": [10, 3, 0],
			"to": [11, 7, 1],
			"rotation": {"angle": 0, "axis": "x", "origin": [0, 0, 16]},
			"faces": {
				"north": {"uv": [10, 13, 11, 9], "rotation": 180, "texture": "#vine", "tintindex": 0, "cullface": "north"},
				"south": {"uv": [10, 9, 11, 13], "texture": "#vine", "tintindex": 0},
				"west": {"uv": [10, 9, 11, 13], "texture": "#vine", "tintindex": 0},
				"up": {"uv": [11, 9, 10, 10], "rotation": 180, "texture": "#vine", "tintindex": 0},
				"down": {"uv": [10, 12, 11, 13], "texture": "#vine", "tintindex": 0}
			}
		},
		{
			"name": "vine_24",
			"from": [14, 6, 0],
			"to": [15, 7, 1],
			"rotation": {"angle": 0, "axis": "x", "origin": [0, 0, 16]},
			"faces": {
				"north": {"uv": [14, 10, 15, 9], "rotation": 180, "texture": "#vine", "tintindex": 0, "cullface": "north"},
				"east": {"uv": [14, 9, 15, 10], "texture": "#vine", "tintindex": 0},
				"south": {"uv": [14, 9, 15, 10], "texture": "#vine", "tintindex": 0},
				"up": {"uv": [15, 9, 14, 10], "rotation": 180, "texture": "#vine", "tintindex": 0},
				"down": {"uv": [14, 9, 15, 10], "texture": "#vine", "tintindex": 0}
			}
		},
		{
			"name": "vine_25",
			"from": [2, 0, 0],
			"to": [4, 5, 1],
			"rotation": {"angle": 0, "axis": "x", "origin": [0, 0, 16]},
			"faces": {
				"north": {"uv": [2, 16, 4, 11], "rotation": 180, "texture": "#vine", "tintindex": 0, "cullface": "north"},
				"south": {"uv": [2, 11, 4, 16], "texture": "#vine", "tintindex": 0},
				"west": {"uv": [2, 11, 3, 16], "texture": "#vine", "tintindex": 0},
				"up": {"uv": [4, 11, 2, 12], "rotation": 180, "texture": "#vine", "tintindex": 0},
				"down": {"uv": [2, 15, 4, 16], "texture": "#vine", "tintindex": 0, "cullface": "down"}
			}
		},
		{
			"name": "vine_26",
			"from": [6, 2, 0],
			"to": [7, 5, 1],
			"rotation": {"angle": 0, "axis": "x", "origin": [0, 0, 16]},
			"faces": {
				"north": {"uv": [6, 14, 7, 11], "rotation": 180, "texture": "#vine", "tintindex": 0, "cullface": "north"},
				"east": {"uv": [6, 11, 7, 14], "texture": "#vine", "tintindex": 0},
				"south": {"uv": [6, 11, 7, 14], "texture": "#vine", "tintindex": 0},
				"west": {"uv": [6, 11, 7, 14], "texture": "#vine", "tintindex": 0},
				"up": {"uv": [7, 11, 6, 12], "rotation": 180, "texture": "#vine", "tintindex": 0},
				"down": {"uv": [6, 13, 7, 14], "texture": "#vine", "tintindex": 0}
			}
		},
		{
			"name": "vine_27",
			"from": [9, 2, 0],
			"to": [10, 5, 1],
			"rotation": {"angle": 0, "axis": "x", "origin": [0, 0, 16]},
			"faces": {
				"north": {"uv": [9, 14, 10, 11], "rotation": 180, "texture": "#vine", "tintindex": 0, "cullface": "north"},
				"east": {"uv": [9, 11, 10, 14], "texture": "#vine", "tintindex": 0},
				"south": {"uv": [9, 11, 10, 14], "texture": "#vine", "tintindex": 0},
				"west": {"uv": [9, 11, 10, 14], "texture": "#vine", "tintindex": 0},
				"up": {"uv": [10, 11, 9, 12], "rotation": 180, "texture": "#vine", "tintindex": 0},
				"down": {"uv": [9, 13, 10, 14], "texture": "#vine", "tintindex": 0}
			}
		},
		{
			"name": "vine_28",
			"from": [0, 3, 0],
			"to": [2, 4, 1],
			"rotation": {"angle": 0, "axis": "x", "origin": [0, 0, 16]},
			"faces": {
				"north": {"uv": [0, 13, 2, 12], "rotation": 180, "texture": "#vine", "tintindex": 0, "cullface": "north"},
				"south": {"uv": [0, 12, 2, 13], "texture": "#vine", "tintindex": 0},
				"west": {"uv": [0, 12, 1, 13], "texture": "#vine", "tintindex": 0, "cullface": "west"},
				"up": {"uv": [2, 12, 0, 13], "rotation": 180, "texture": "#vine", "tintindex": 0},
				"down": {"uv": [0, 12, 2, 13], "texture": "#vine", "tintindex": 0}
			}
		},
		{
			"name": "vine_29",
			"from": [12, 0, 0],
			"to": [13, 4, 1],
			"rotation": {"angle": 0, "axis": "x", "origin": [0, 0, 16]},
			"faces": {
				"north": {"uv": [12, 16, 13, 12], "rotation": 180, "texture": "#vine", "tintindex": 0, "cullface": "north"},
				"east": {"uv": [12, 12, 13, 16], "texture": "#vine", "tintindex": 0},
				"south": {"uv": [12, 12, 13, 16], "texture": "#vine", "tintindex": 0},
				"up": {"uv": [13, 12, 12, 13], "rotation": 180, "texture": "#vine", "tintindex": 0},
				"down": {"uv": [12, 15, 13, 16], "texture": "#vine", "tintindex": 0, "cullface": "down"}
			}
		},
		{
			"name": "vine_30",
			"from": [14, 2, 0],
			"to": [16, 4, 1],
			"rotation": {"angle": 0, "axis": "x", "origin": [0, 0, 16]},
			"faces": {
				"north": {"uv": [14, 14, 16, 12], "rotation": 180, "texture": "#vine", "tintindex": 0, "cullface": "north"},
				"east": {"uv": [15, 12, 16, 14], "texture": "#vine", "tintindex": 0, "cullface": "east"},
				"south": {"uv": [14, 12, 16, 14], "texture": "#vine", "tintindex": 0},
				"west": {"uv": [14, 12, 15, 14], "texture": "#vine", "tintindex": 0},
				"up": {"uv": [16, 12, 14, 13], "rotation": 180, "texture": "#vine", "tintindex": 0},
				"down": {"uv": [14, 13, 16, 14], "texture": "#vine", "tintindex": 0}
			}
		},
		{
			"name": "vine_31",
			"from": [1, 1, 0],
			"to": [2, 3, 1],
			"rotation": {"angle": 0, "axis": "x", "origin": [0, 0, 16]},
			"faces": {
				"north": {"uv": [1, 15, 2, 13], "rotation": 180, "texture": "#vine", "tintindex": 0, "cullface": "north"},
				"south": {"uv": [1, 13, 2, 15], "texture": "#vine", "tintindex": 0},
				"west": {"uv": [1, 13, 2, 15], "texture": "#vine", "tintindex": 0},
				"down": {"uv": [1, 14, 2, 15], "texture": "#vine", "tintindex": 0}
			}
		},
		{
			"name": "vine_32",
			"from": [13, 2, 0],
			"to": [14, 3, 1],
			"rotation": {"angle": 0, "axis": "x", "origin": [0, 0, 16]},
			"faces": {
				"north": {"uv": [13, 14, 14, 13], "rotation": 180, "texture": "#vine", "tintindex": 0, "cullface": "north"},
				"south": {"uv": [13, 13, 14, 14], "texture": "#vine", "tintindex": 0},
				"up": {"uv": [14, 13, 13, 14], "rotation": 180, "texture": "#vine", "tintindex": 0},
				"down": {"uv": [13, 13, 14, 14], "texture": "#vine", "tintindex": 0}
			}
		},
		{
			"name": "vine_33",
			"from": [10, 1, 0],
			"to": [11, 2, 1],
			"rotation": {"angle": 0, "axis": "x", "origin": [0, 0, 16]},
			"faces": {
				"north": {"uv": [10, 15, 11, 14], "rotation": 180, "texture": "#vine", "tintindex": 0, "cullface": "north"},
				"south": {"uv": [10, 14, 11, 15], "texture": "#vine", "tintindex": 0},
				"west": {"uv": [10, 14, 11, 15], "texture": "#vine", "tintindex": 0},
				"up": {"uv": [11, 14, 10, 15], "rotation": 180, "texture": "#vine", "tintindex": 0},
				"down": {"uv": [10, 14, 11, 15], "texture": "#vine", "tintindex": 0}
			}
		},
		{
			"name": "vine_34",
			"from": [15, 1, 0],
			"to": [16, 2, 1],
			"rotation": {"angle": 0, "axis": "x", "origin": [0, 0, 16]},
			"faces": {
				"north": {"uv": [15, 15, 16, 14], "rotation": 180, "texture": "#vine", "tintindex": 0, "cullface": "north"},
				"east": {"uv": [15, 14, 16, 15], "texture": "#vine", "tintindex": 0, "cullface": "east"},
				"south": {"uv": [15, 14, 16, 15], "texture": "#vine", "tintindex": 0},
				"west": {"uv": [15, 14, 16, 15], "texture": "#vine", "tintindex": 0},
				"down": {"uv": [15, 14, 16, 15], "texture": "#vine", "tintindex": 0}
			}
		},
		{
			"name": "vine_35",
			"from": [5, 0, 0],
			"to": [7, 1, 1],
			"rotation": {"angle": 0, "axis": "x", "origin": [0, 0, 16]},
			"faces": {
				"north": {"uv": [5, 16, 7, 15], "rotation": 180, "texture": "#vine", "tintindex": 0, "cullface": "north"},
				"east": {"uv": [6, 15, 7, 16], "texture": "#vine", "tintindex": 0},
				"south": {"uv": [5, 15, 7, 16], "texture": "#vine", "tintindex": 0},
				"up": {"uv": [7, 15, 5, 16], "rotation": 180, "texture": "#vine", "tintindex": 0},
				"down": {"uv": [5, 15, 7, 16], "texture": "#vine", "tintindex": 0, "cullface": "down"}
			}
		},
		{
			"name": "vine_36",
			"from": [8, 0, 0],
			"to": [10, 1, 1],
			"rotation": {"angle": 0, "axis": "x", "origin": [0, 0, 16]},
			"faces": {
				"north": {"uv": [8, 16, 10, 15], "rotation": 180, "texture": "#vine", "tintindex": 0, "cullface": "north"},
				"east": {"uv": [9, 15, 10, 16], "texture": "#vine", "tintindex": 0},
				"south": {"uv": [8, 15, 10, 16], "texture": "#vine", "tintindex": 0},
				"west": {"uv": [8, 15, 9, 16], "texture": "#vine", "tintindex": 0},
				"up": {"uv": [10, 15, 8, 16], "rotation": 180, "texture": "#vine", "tintindex": 0},
				"down": {"uv": [8, 15, 10, 16], "texture": "#vine", "tintindex": 0, "cullface": "down"}
			}
		},
		{
			"name": "vine_37",
			"from": [13, 0, 0],
			"to": [14, 1, 1],
			"rotation": {"angle": 0, "axis": "x", "origin": [0, 0, 16]},
			"faces": {
				"north": {"uv": [13, 16, 14, 15], "rotation": 180, "texture": "#vine", "tintindex": 0, "cullface": "north"},
				"east": {"uv": [13, 15, 14, 16], "texture": "#vine", "tintindex": 0},
				"south": {"uv": [13, 15, 14, 16], "texture": "#vine", "tintindex": 0},
				"up": {"uv": [14, 15, 13, 16], "rotation": 180, "texture": "#vine", "tintindex": 0},
				"down": {"uv": [13, 15, 14, 16], "texture": "#vine", "tintindex": 0, "cullface": "down"}
			}
		}
	],
	"groups": [
		{
			"name": "vine",
			"origin": [8, 8, 8],
			"color": 0,
			"children": [0, 1, 2, 3, 4, 5, 6, 7, 8, 9, 10, 11, 12, 13, 14, 15, 16, 17, 18, 19, 20, 21, 22, 23, 24, 25, 26, 27, 28, 29, 30, 31, 32, 33, 34, 35, 36, 37]
		}
	]
}